,type,test_mean,test_sem,train_mean
0,r,0.9746295936223994,0.00020915845887958814,0.9987186311324996
1,c,0.9724965973167413,0.0001930202155361449,0.9995158408983194
