W,min_W_prime,eta_arr,chi
0.17499999999999993,-0.23749999999999766,2.694222274505537,1.5707963267948966
