W,min_W_prime,eta_arr,chi
0.175,-0.2375,2.2468518954212806,1.5707963267948966
