W,min_W_prime,eta_arr,chi
9.374998633516055e-08,-0.000249999958329505,0.2617993877991494,0.001
