W,min_W_prime,eta_arr,chi
9.374998633952363e-08,-0.00024999995833331927,0.5235987755982988,0.001
