W,min_W_prime,eta_arr,chi
0.04863106456019704,-0.40273787087960583,0.6343185307179586,1.5707963267948966
