W,min_W_prime,eta_arr,chi
0.012861506734172065,-0.47427698653165573,0.3221592653589793,1.5707963267948966
