W,min_W_prime,eta_arr,chi
-0.24999999999999997,-0.5000000000000001,1.0471975511965976,1.5707963267948966
