W,min_W_prime,eta_arr,chi
9.374998634075014e-08,-0.0002499999583333419,1.0471975511965976,0.001
