W,min_W_prime,eta_arr,chi
-0.3535533905932738,-0.5000000000000001,0.7853981633974483,1.5707963267948966
