W,min_W_prime,eta_arr,chi
0.24999999999999992,-2.918587279304481e-17,1.5707963267948966,1.5707963267948966
