W,min_W_prime,eta_arr,chi
9.374998636316032e-08,-0.00024999995832924657,0.7853981633974483,0.001
0.009164434525127147,-0.07744443515534843,0.7853981633974483,0.31495926535897933
0.03487600753774462,-0.14706763916465782,0.7853981633974483,0.6289185307179587
0.07166861127612452,-0.20231301093705872,0.7853981633974483,0.942877796076938
0.1082408548817723,-0.23777957516812148,0.7853981633974483,1.2568370614359172
0.12499999999999994,-0.24999999999999933,0.7853981633974483,1.5707963267948966
