W,min_W_prime,eta_arr,chi
0.10386387733281688,-0.2922722453343648,0.9464777960769379,1.5707963267948966
