W,min_W_prime,eta_arr,chi
1.249989583368416e-05,-0.4999750002083321,0.01,1.5707963267948966
