W,min_W_prime,eta_arr,chi
0.17322143385583758,-0.15355713228832463,1.2586370614359172,1.5707963267948966
