W,min_W_prime,eta_arr,chi
-0.3089447167362132,-0.5000000000000001,0.9047407581685124,1.5707963267948966
