W,min_W_prime,eta_arr,chi
-0.31286052910028256,-0.5,2.2468518954212806,1.5707963267948966
