W,min_W_prime,eta_arr,chi
-0.10847315732436467,-0.5000000000000001,1.3521111372527685,1.5707963267948966
