W,min_W_prime,eta_arr,chi
-0.4507938911243925,-0.5000000000000001,2.694222274505537,1.5707963267948966
