W,min_W_prime,eta_arr,chi
-0.2922722453343661,-0.5,0.9464777960769379,1.5707963267948966
