W,min_W_prime,eta_arr,chi
-0.5,-0.5000000000000001,3.141592653589793,1.5707963267948966
