W,min_W_prime,eta_arr,chi
-0.4027378708796058,-0.5,0.6343185307179586,1.5707963267948966
