W,min_W_prime,eta_arr,chi
-0.4999750002083326,-0.5,0.01,1.5707963267948966
