W,min_W_prime,eta_arr,chi
-0.4742769865316558,-0.5000000000000001,0.3221592653589793,1.5707963267948966
