W,min_W_prime,eta_arr,chi
-0.11334857004501818,-0.5,1.7994815163370248,1.5707963267948966
