W,min_W_prime,eta_arr,chi
-0.15355713228832477,-0.5,1.2586370614359172,1.5707963267948966
