W,min_W_prime,eta_arr,chi
0.01177662795728121,-0.4764467440854375,1.2626370614359173,1.5707963267948966
