W,min_W_prime,eta_arr,chi
-1.3877787807814457e-17,-0.4999999999999997,1.5707963267948966,1.5707963267948966
