W,min_W_prime,eta_arr,chi
0.012081838060129385,-0.4758363238797408,1.2586370614359172,1.5707963267948966
