W,min_W_prime,eta_arr,chi
0.047159585753228137,-0.40568082849354364,0.9464777960769379,1.5707963267948966
