W,min_W_prime,eta_arr,chi
0.17084613078558383,-0.15830773842883222,0.3221592653589793,1.5707963267948966
