W,min_W_prime,eta_arr,chi
0.24750004166645823,-0.0049999166670832845,0.01,1.5707963267948966
