W,min_W_prime,eta_arr,chi
0.03349364905389034,-0.4330127018922191,1.0471975511965976,1.5707963267948966
