W,min_W_prime,eta_arr,chi
0.10184281374215931,-0.29631437251568116,0.6343185307179586,1.5707963267948966
