W,min_W_prime,eta_arr,chi
0.012546789207038334,-0.4749064215859233,1.8889555921538759,1.5707963267948966
