W,min_W_prime,eta_arr,chi
0.10345848904692503,-0.29308302190614965,2.5152741228718343,1.5707963267948966
