W,min_W_prime,eta_arr,chi
0.10144037245404533,-0.2971192550919092,0.6363185307179586,1.5707963267948966
