W,min_W_prime,eta_arr,chi
0.14185095039145124,-0.2162980992170972,2.694222274505537,1.5707963267948966
