W,min_W_prime,eta_arr,chi
0.24750004166645823,-0.004999916667083319,0.01,1.5707963267948966
