W,min_W_prime,eta_arr,chi
0.24999999999999992,-6.938893903907228e-17,3.141592653589793,1.5707963267948966
