W,min_W_prime,eta_arr,chi
0.05343375035323268,-0.3931324992935342,0.9047407581685124,1.5707963267948966
