W,min_W_prime,eta_arr,chi
0.005954115922802539,-0.4880917681543927,1.3521111372527685,1.5707963267948966
