W,min_W_prime,eta_arr,chi
0.1396024259092175,-0.22079514818156476,0.4573703790842562,1.5707963267948966
