W,min_W_prime,eta_arr,chi
0.05498827642222939,-0.3900234471555409,2.2468518954212806,1.5707963267948966
