W,min_W_prime,eta_arr,chi
0.00650867486255817,-0.4869826502748835,1.7994815163370248,1.5707963267948966
