W,min_W_prime,eta_arr,chi
-9.184850993605148e-17,-0.5,4.71238898038469,1.5707963267948966
