W,min_W_prime,eta_arr,chi
-3.061616997868383e-17,-0.5,1.5707963267948966,1.5707963267948966
