W,min_W_prime,eta_arr,chi
-0.35355339059327373,-0.5,2.356194490192345,1.5707963267948966
