W,min_W_prime,eta_arr,chi
0.175,-0.23749999999999996,2.694222274505537,1.5707963267948966
