W,min_W_prime,eta_arr,chi
0.17499999999999996,-0.23749999999999993,3.141592653589793,1.5707963267948966
