W,min_W_prime,eta_arr,chi
0.04774575140626311,-3.639376173502531e-17,0.7853981633974483,0.3141592653589793
