W,min_W_prime,eta_arr,chi
0.175,-0.2375,0.4573703790842562,1.5707963267948966
