W,min_W_prime,eta_arr,chi
0.175,-0.23749999999999993,0.9047407581685124,1.5707963267948966
