W,min_W_prime,eta_arr,chi
0.175,-0.2374999999999999,1.3521111372527685,1.5707963267948966
