W,min_W_prime,eta_arr,chi
0.014324050604435482,-0.00021631175185456676,0.7853981633974483,0.001
0.03616174140276539,-0.05420281364072946,0.7853981633974483,0.2624660544658161
0.0946897342110308,-0.09370182973082145,0.7853981633974483,0.5239321089316322
0.1687224657712037,-0.10815594803123155,0.7853981633974483,0.7853981633974483
