W,min_W_prime,eta_arr,chi
5.6648208259652e-16,-0.0004999999166666654,0.7853981633974483,0.001
1.214306433183765e-17,-0.1548888703106969,0.7853981633974483,0.31495926535897933
1.3877787807814457e-17,-0.2941352783293155,0.7853981633974483,0.6289185307179587
0.0,-0.4046260218741179,0.7853981633974483,0.942877796076938
1.3877787807814457e-17,-0.47555915033624285,0.7853981633974483,1.2568370614359172
0.0,-0.49999999999999994,0.7853981633974483,1.5707963267948966
