W,min_W_prime,eta_arr,chi
1.0968748751630839e-07,-1.837486789646524e-07,0.7853981633974483,0.001
0.01075729806492724,-0.024055479016433193,0.7853981633974483,0.31495926535897933
0.04138396850794617,-0.07558968202176675,0.7853981633974483,0.6289185307179587
0.08695571608032217,-0.12682512188217213,0.7853981633974483,0.942877796076938
0.11659279744610723,-0.1624015649607935,0.7853981633974483,1.2568370614359172
0.1624999999999999,-0.175,0.7853981633974483,1.5707963267948966
