W,min_W_prime,eta_arr,chi
1.3559603298468284e-17,-0.0004999999166666745,0.7853981633974483,0.001
6.166941957097549e-16,-0.1548888703106968,0.7853981633974483,0.31495926535897933
-2.42861286636753e-17,-0.29413527832931496,0.7853981633974483,0.6289185307179587
2.7755575615628914e-17,-0.4046260218741179,0.7853981633974483,0.942877796076938
1.3877787807814457e-17,-0.47555915033624296,0.7853981633974483,1.2568370614359172
-1.3877787807814457e-17,-0.4999999999999992,0.7853981633974483,1.5707963267948966
