W,min_W_prime,eta_arr,chi
9.679686148502766e-08,-0.00023749996041664862,0.7853981633974483,0.001
0.009468137018140914,-0.07357221339758092,0.7853981633974483,0.31495926535897933
0.036104866985665666,-0.1397142572064248,0.7853981633974483,0.6289185307179587
0.07448817150738206,-0.19219736039020585,0.7853981633974483,0.942877796076938
0.11318803407796567,-0.22589059640971523,0.7853981633974483,1.2568370614359172
0.13124999999999998,-0.23749999999999966,0.7853981633974483,1.5707963267948966
