W,min_W_prime,eta_arr,chi
1.2499998958180828e-07,-8.751356427320496e-18,0.7853981633974483,0.001
0.01229775040301149,-2.8287891982405776e-17,0.7853981633974483,0.31495926535897933
0.04783395559458059,-4.613120804862752e-17,0.7853981633974483,0.6289185307179587
0.10313460037986669,-1.1471743571843701e-17,0.7853981633974483,0.942877796076938
0.17279330577684585,-1.3635502056904303e-17,0.7853981633974483,1.2568370614359172
0.24999999999999983,-2.7755575615628914e-17,0.7853981633974483,1.5707963267948966
