W,min_W_prime,eta_arr,chi
0.07929414610186028,-0.117937860531805,1.0471975511965976,0.7853981633974483
