W,min_W_prime,eta_arr,chi
0.04608441785234448,-0.24087690695550235,0.5235987755982988,0.7853981633974483
