W,min_W_prime,eta_arr,chi
0.035075274600453246,-0.27443103339880404,0.2617993877991494,0.7853981633974483
