W,min_W_prime,eta_arr,chi
0.062040937032489744,-0.1874999999999952,0.7853981633974483,0.7853981633974483
