W,min_W_prime,eta_arr,chi
1.082828169290388e-07,-2.4501533027892584e-07,0.7853981633974483,0.001
0.010618862135730527,-0.02415409249760397,0.7853981633974483,0.31495926535897933
0.04084252126711222,-0.07574910862694502,0.7853981633974483,0.6289185307179587
0.08269659041514407,-0.1269316092567354,0.7853981633974483,0.942877796076938
0.11486486438851588,-0.1624332941010314,0.7853981633974483,1.2568370614359172
0.15999999999999992,-0.17499999999999988,0.7853981633974483,1.5707963267948966
