W,min_W_prime,eta_arr,chi
0.012500118749990095,-2.7755575615628914e-17,0.7853981633974483,0.001
0.0241828628828609,-2.7755575615628914e-17,0.7853981633974483,0.31495926535897933
0.05794225781485156,-2.7755575615628914e-17,0.7853981633974483,0.6289185307179587
0.11047787036087335,-2.7755575615628914e-17,0.7853981633974483,0.942877796076938
0.17665364048800353,-1.3877787807814457e-17,0.7853981633974483,1.2568370614359172
0.24999999999999975,-2.0816681711721685e-17,0.7853981633974483,1.5707963267948966
