W,min_W_prime,eta_arr,chi
-7.318364664277155e-18,-0.0004999999166661101,0.7853981633974483,0.001
1.0408340855860843e-17,-0.15488887031069637,0.7853981633974483,0.31495926535897933
0.0,-0.2941352783293155,0.7853981633974483,0.6289185307179587
0.0,-0.4046260218741177,0.7853981633974483,0.942877796076938
-1.3877787807814457e-17,-0.475559150336243,0.7853981633974483,1.2568370614359172
-2.7755575615628914e-17,-0.4999999999999998,0.7853981633974483,1.5707963267948966
