W,min_W_prime,eta_arr,chi
0.1748250000305779,-0.14999988461539676,0.7853981633974483,0.001
0.16338710920713118,-0.14949149826503583,0.7853981633974483,0.06640818028312069
0.1519988817780235,-0.14800056317756388,0.7853981633974483,0.13181636056624138
0.1407090239901114,-0.14553910187504498,0.7853981633974483,0.19722454084936208
0.12956581866755384,-0.14212719459375403,0.7853981633974483,0.26263272113248276
0.1186169219348427,-0.13779317092040905,0.7853981633974483,0.32804090141560344
0.10790915899403453,-0.13257389310848144,0.7853981633974483,0.39344908169872417
0.09748832378803633,-0.1265151468797318,0.7853981633974483,0.45885726198184484
0.0873989831548197,-0.11967216033411857,0.7853981633974483,0.5242654422649655
0.07768428629904806,-0.1121102761317592,0.7853981633974483,0.5896736225480862
0.06838577990002721,-0.1039058054984765,0.7853981633974483,0.6550818028312069
0.05954323113977447,-0.09514709307409028,0.7853981633974483,0.7204899831143275
0.05119445691953886,-0.08593581587480474,0.7853981633974483,0.7858981633974483
0.043375162483735734,-0.07638852188570275,0.7853981633974483,0.851306343680569
0.03611878864911656,-0.06663837443609207,0.7853981633974483,0.9167145239636897
0.029456368782340814,-0.05683699276217181,0.7853981633974483,0.9821227042468104
0.023416396158285252,-0.047156146737323774,0.7853981633974483,1.047530884529931
0.018024701756184057,-0.037788852369814906,0.7853981633974483,1.1129390648130517
0.0133043444630215,-0.02894911318383469,0.7853981633974483,1.1783472450961723
0.009275511787466093,-0.020869192127184754,0.7853981633974483,1.243755425379293
0.0059554338583689,-0.013793006126866021,0.7853981633974483,1.3091636056624136
0.003358309672960458,-0.007964288746070285,0.7853981633974483,1.3745717859455344
0.0027768860879618276,-0.0036089706543925453,0.7853981633974483,1.439979966228655
0.00037421168701169737,-0.0009130749353960777,0.7853981633974483,1.5053881465117758
2.9680482842360663e-18,3.280951300315309e-34,0.7853981633974483,1.5707963267948966
