W,min_W_prime,eta_arr,chi
0.17482500026962483,-0.1499998846154025,0.7853981633974483,0.001
0.16338710840968546,-0.14949149826503683,0.7853981633974483,0.06640818028312069
0.1519988817924332,-0.14800056317756416,0.7853981633974483,0.13181636056624138
0.14070902398980795,-0.1455391018750461,0.7853981633974483,0.19722454084936208
0.12956581866721317,-0.14212719459375384,0.7853981633974483,0.26263272113248276
0.11861692193484308,-0.13779317092041027,0.7853981633974483,0.32804090141560344
0.10790915899403453,-0.1325738931084815,0.7853981633974483,0.39344908169872417
0.09748832378804273,-0.12651514687973175,0.7853981633974483,0.45885726198184484
0.0873989831712581,-0.1196721603341187,0.7853981633974483,0.5242654422649655
0.0776842862283811,-0.11211027613175917,0.7853981633974483,0.5896736225480862
0.06838577990026962,-0.10390580549847625,0.7853981633974483,0.6550818028312069
0.059543231139773785,-0.09514709307409026,0.7853981633974483,0.7204899831143275
0.05119445691953884,-0.08593581587480476,0.7853981633974483,0.7858981633974483
0.04337516249347625,-0.07638852188570272,0.7853981633974483,0.851306343680569
0.06707775034615211,-0.06663837443609202,0.7853981633974483,0.9167145239636897
0.029456368782340828,-0.05683699276217201,0.7853981633974483,0.9821227042468104
0.02341639609128803,-0.04715614673732381,0.7853981633974483,1.047530884529931
0.01802470175614372,-0.03778885236980818,0.7853981633974483,1.1129390648130517
0.013304344462999398,-0.028949113183834536,0.7853981633974483,1.1783472450961723
0.009275511787785885,-0.020869192127184664,0.7853981633974483,1.243755425379293
0.005955433858369399,-0.013793006126866028,0.7853981633974483,1.3091636056624136
0.003358309669655196,-0.00796428874607475,0.7853981633974483,1.3745717859455344
0.0014952463550559694,-0.00360897065439323,0.7853981633974483,1.439979966228655
0.0003742116870117107,-0.0009130749353959758,0.7853981633974483,1.5053881465117758
0.0,-2.7755575583493386e-17,0.7853981633974483,1.5707963267948966
