W,min_W_prime,eta_arr,chi
8.749999272311358e-08,-2.1428550984910258e-07,0.7853981633974483,0.001
0.0003857372695430935,-0.000941091146188763,0.7853981633974483,0.06640818028312069
0.0015181607286092746,-0.00366347188772629,0.7853981633974483,0.13181636056624138
0.003392514859854317,-0.008042847904906506,0.7853981633974483,0.19722454084936208
0.006000783532611144,-0.013892409718059558,0.7853981633974483,0.26263272113248276
0.00933181202204698,-0.02098579597908361,0.7853981633974483,0.32804090141560344
0.013371354478507572,-0.029079151992780515,0.7853981633974483,0.39344908169872417
0.018102134970511122,-0.03792866458533422,0.7853981633974483,0.45885726198184484
0.023503921345500046,-0.04730231200782283,0.7853981633974483,0.5242654422649655
0.029553611756808346,-0.05698639903999494,0.7853981633974483,0.5896736225480862
0.03622533346293245,-0.06678823722266967,0.7853981633974483,0.6550818028312069
0.04349055347863541,-0.07653637530905702,0.7853981633974483,0.7204899831143275
0.05131820060109107,-0.08607948979908397,0.7853981633974483,0.7858981633974483
0.05967479829275373,-0.09528468521934708,0.7853981633974483,0.851306343680569
0.06852460785119371,-0.10403565363566517,0.7853981633974483,0.9167145239636897
0.07782978124971618,-0.11223093285193457,0.7853981633974483,0.9821227042468104
0.08755052300872965,-0.11978237136373038,0.7853981633974483,1.047530884529931
0.09764526038286528,-0.12661383308319432,0.7853981633974483,1.1129390648130517
0.10807082115803555,-0.1326601359154525,0.7853981633974483,1.1783472450961723
0.1187826182889713,-0.13786620075592043,0.7853981633974483,1.243755425379293
0.12973484057260257,-0.14218638186022597,0.7853981633974483,1.3091636056624136
0.1408806485919045,-0.1455839500718072,0.7853981633974483,1.3745717859455344
0.15217237501168213,-0.14803070380658528,0.7853981633974483,1.439979966228655
0.1635617284499671,-0.149506687245076,0.7853981633974483,1.5053881465117758
0.17499999999999993,-0.15000000000000002,0.7853981633974483,1.5707963267948966
