,Model,Accuracy
0,XGB,0.8013564318099496
0,NN3,0.6666666666666666
0,NN5,0.6666666666666666
