QP,phi,fidelity
-35.0,[219.46350551],0.5163700577711391
-28.0,[324.6546033],0.46946618438836546
-21.0,[52.19227614],0.5266743993322467
-14.0,[117.7644333],0.5530035279634005
-7.0,[159.79325093],0.536326456695842
0.0,[174.37630259],0.5315890006760858
