UVHWP,phi,fidelity
2.0,[225.31234334],0.9908499452045191
10.2,[180.67512075],0.8939731903903558
18.4,[175.42274341],0.672566813355864
26.599999999999998,[173.67616464],0.3910116842633986
34.8,[172.75025136],0.14977470080153057
43.0,[171.70016451],0.026867584035617925
