eta,w_type,a,s_a,b,s_b,c,s_c,d,s_d,chi2_red_W_expt,chi2_red_Wp_expt
45.0,W_T,-7.867059341046748e-17,1.9516552348046777e-16,0.947073244300022,1.5515164492879736,0.8751670263880327,1.4679170871303222,-6.329792525977888e-17,8.674383103191277e-18,,
45.0,Wp_T,0.9999999999999964,5.202255185856381e-15,0.500000000000001,1.9017505818633767e-15,0.7853981633974498,2.5137169436587845e-15,-0.4999999999999998,1.0948018511509633e-16,,
45.0,W_AT,-0.034007162850851945,0.07660119770999653,0.41406480575609633,0.5467222441488904,1.6568905658596986,0.1536957621907466,0.03814679326634433,0.07673264404803921,,
45.0,Wp_AT,0.9659723733984666,0.052496330483839795,0.5146272079628511,0.019639539296183253,0.7662449137096554,0.02558751647754268,-0.4599932595381744,0.0008503722220159124,,
45.0,W_expt,0.0,inf,0.0,inf,0.0,inf,-0.01904867315937546,inf,7.88509266843091,6.892619778864167
45.0,Wp_expt,0.4666954077640587,0.016405477984674104,1.025271035737808,0.06295861998676555,1.5285994749078207,0.06344498058627461,-0.46438580390092304,0.007048283281513708,7.88509266843091,6.892619778864167
60.0,W_expt,0.0,inf,0.0,inf,0.0,inf,-0.21368624599420774,inf,2.817981517544474,1.6179861620132623
60.0,Wp_expt,0.23799729002914158,0.013244475771962744,-1.0205822788551184,0.11927697885266193,4.666522574971164,0.09836031324897776,-0.46696244446094837,0.01041140010422788,2.817981517544474,1.6179861620132623
