eta,w_type,a,s_a,b,s_b,c,s_c,d,s_d,chi2_red_W_expt,chi2_red_Wp_expt
45.0,W_T,7.867071939048073e-17,1.9516704097541178e-16,0.9470722084336889,1.5515199497363534,0.6956302448802418,1.46792050173601,-1.4196864830170155e-16,1.9949892616491135e-16,,
45.0,Wp_T,0.999999999999996,1.1201607170211393e-14,0.5000000000000013,4.094889749936326e-15,2.356194490192343,5.412588767619405e-15,-0.4999999999999998,2.3573517970674923e-16,,
45.0,W_AT,9.783311438032017e-17,3.575981638253812e-16,0.7961809903777309,1.7761938223934002,0.8143232967353498,1.7159418108659312,-1.5996951743608006e-16,3.619424639327662e-16,,
45.0,Wp_AT,1.0344215899643996,0.09687363368973936,0.489998553196968,0.03178833474942731,2.397952561980425,0.04209920102998889,-0.4736810283743131,0.0014262280688136816,,
45.0,W_expt,0.0,inf,0.0,inf,0.0,inf,-0.0397621166956996,inf,18.571109164462918,0.33482752839157387
45.0,Wp_expt,0.5437917664089136,0.10540119466015276,0.6684286875281311,0.12911218153678009,2.0895477597523224,0.1500822461849967,-0.4743421277864185,0.009620952382789186,18.571109164462918,0.33482752839157387
60.0,W_expt,0.0,inf,0.0,inf,0.0,inf,-0.16814830178663445,inf,1.754009889610602,0.07010075611544239
60.0,Wp_expt,0.8822208835010429,1.2641162871935938,0.38875722209637226,0.35809152086982493,2.494547233680058,0.5222214746154966,-0.47645565273367363,0.013716856612567933,1.754009889610602,0.07010075611544239
