{
    "phi": {
        "a": -1314.1745505134784,
        "b": 1652.1873936652364
    }
}