{
    "phi": {
        "params": {
            "a": 2932565.400659975,
            "b": 0.023289986629375474,
            "c": -2932551.6642538896
        }
    },
    "alpha" : {
        "params" : {
            "m": -1.9115977197252514,
            "b": 86.97365354379144
        },
        "UVHWP_min": 43.87755102040816,
        "alpha_min": 8.606925571815697,
        "UVHWP_max": -1.4285714285714288,
        "alpha_max": 85.3987588741276
    },
    "beta": {
        "params": {
            "m": 1.9605176680416154,
            "b": -1.322867602827977
        },
        "BCHWP_min": 1.0204081632653068,
        "beta_min": 5.08418881184647,
        "BCHWP_max": 46.3265306122449,
        "beta_max": 84.76022393187915
    }
}