states,eta-chi,probabilities,W,Wp
"['phi plus, phi minus', 'psi plus, psi minus']","[0.5, 0.5]","[np.float64(45.0), np.float64(54.022918311805235)]","['W1', np.float64(0.38518119177162635), [2.049207321917322]]","['Wp1', np.float64(-2.1538148788759033), [2.855319000935901]]"
"['psi plus, psi minus', 'phi plus, phi minus']","[0.5, 0.5]","[np.float64(45.0), np.float64(54.022918311805235)]","['W2', np.float64(0.38518119177162724), [1.097711546913729]]","['Wp1', np.float64(-2.153814878875904), [2.3147473710605846]]"
