states,eta-chi,probabilities,W,Wp
"['phi plus, phi minus', 'psi plus, psi minus']","(0.7853981633974483, np.float64(0.6289185307179587))","[0.4, 0.6]","['W1', np.float64(0.03826716447566449), [1.6431186592283502]]","['Wp1', np.float64(-0.03938068508460026), [2.336352967007955]]"
"['phi plus, phi minus', 'psi plus, psi minus']","(0.7853981633974483, np.float64(0.942877796076938))","[0.4, 0.6]","['W1', np.float64(0.08250768030389344), [1.6186463203278947]]","['Wp1', np.float64(-0.06971177859992475), [2.0456295447336967]]"
"['phi plus, phi minus', 'psi plus, psi minus']","(0.7853981633974483, np.float64(1.2568370614359172))","[0.4, 0.6]","['W1', np.float64(0.13823464462147667), [1.062213129623612]]","['Wp1', np.float64(-0.09194400335287799), [2.581374726777658]]"
"['phi plus, phi minus', 'psi plus, psi minus']","(0.7853981633974483, np.float64(1.5707963267948966))","[0.4, 0.6]","['W3', np.float64(0.1999999999999999), [0.23065787857487693]]","['Wp1', np.float64(-0.09999999999999999), [2.0268298276113024]]"
"['psi plus, psi minus', 'phi plus, phi minus']","(0.7853981633974483, np.float64(0.6289185307179587))","[0.4, 0.6]","['W2', np.float64(0.038267164539262696), [0.8614660000206089]]","['Wp1', np.float64(-0.039380685084600686), [2.3209135773417096]]"
"['psi plus, psi minus', 'phi plus, phi minus']","(0.7853981633974483, np.float64(0.942877796076938))","[0.4, 0.6]","['W2', np.float64(0.08250768030390317), [2.676227473955563]]","['Wp1', np.float64(-0.06971177859992474), [3.0621606558464682]]"
"['psi plus, psi minus', 'phi plus, phi minus']","(0.7853981633974483, np.float64(1.2568370614359172))","[0.4, 0.6]","['W2', np.float64(0.19999999999999996), [1.6258312149410652]]","['Wp1', np.float64(-0.09194400335287888), [0.781483785011335]]"
"['psi plus, psi minus', 'phi plus, phi minus']","(0.7853981633974483, np.float64(1.5707963267948966))","[0.4, 0.6]","['W2', np.float64(0.19999999999999993), [2.338585244497446]]","['Wp1', np.float64(-0.09999999999999999), [2.7261241298862333]]"
