states,eta-chi,probabilities,W,Wp
"['phi plus, phi minus', 'psi plus, psi minus']","(0.7853981633974483, np.float64(0.6289185307179587))","[0.4, 0.6]","['W1', np.float64(0.03826716447566449), [3.060532436077277]]","['Wp1', np.float64(-0.039380685084600416), [1.4528670780300141]]"
"['phi plus, phi minus', 'psi plus, psi minus']","(0.7853981633974483, np.float64(0.942877796076938))","[0.4, 0.6]","['W1', np.float64(0.08250768030389571), [2.0390711542356503]]","['Wp1', np.float64(-0.06971177859992474), [1.241060252586031]]"
"['phi plus, phi minus', 'psi plus, psi minus']","(0.7853981633974483, np.float64(1.2568370614359172))","[0.4, 0.6]","['W1', np.float64(0.13823464462147664), [2.8311750949860097]]","['Wp1', np.float64(-0.09194400335287901), [2.1185456111708927]]"
"['phi plus, phi minus', 'psi plus, psi minus']","(0.7853981633974483, np.float64(1.5707963267948966))","[0.4, 0.6]","['W3', np.float64(0.1999999999999999), [2.0580041629877597]]","['Wp1', np.float64(-0.09999999999999999), [1.3778358822464034]]"
"['psi plus, psi minus', 'phi plus, phi minus']","(0.7853981633974483, np.float64(0.6289185307179587))","[0.4, 0.6]","['W1', np.float64(0.057400746713691615), [1.3389451589128667]]","['Wp1', np.float64(-0.03938068508460073), [0.4532706235632813]]"
"['psi plus, psi minus', 'phi plus, phi minus']","(0.7853981633974483, np.float64(0.942877796076938))","[0.4, 0.6]","['W2', np.float64(0.08250768030389338), [1.9012888991040164]]","['Wp1', np.float64(-0.06971177859992411), [1.5710006580808475]]"
"['psi plus, psi minus', 'phi plus, phi minus']","(0.7853981633974483, np.float64(1.2568370614359172))","[0.4, 0.6]","['W2', np.float64(0.13823464462147686), [2.934166762994809]]","['Wp1', np.float64(-0.09194400335287903), [1.83277852132748]]"
"['psi plus, psi minus', 'phi plus, phi minus']","(0.7853981633974483, np.float64(1.5707963267948966))","[0.4, 0.6]","['W6', np.float64(0.19999999999999996), [2.232418504077065]]","['Wp1', np.float64(-0.09999999999999998), [1.7758325614051893]]"
