states,eta-chi,probabilities,W,Wp
"['phi plus, phi minus', 'psi plus, psi minus']","(0.7853981633974483, np.float64(0.6289185307179587))","[0.4, 0.6]","['W2', np.float64(0.05740074671417584), [0.2695465784419758]]","['Wp1', np.float64(-0.03938068508460071), [1.3909783907252953]]"
"['phi plus, phi minus', 'psi plus, psi minus']","(0.7853981633974483, np.float64(0.942877796076938))","[0.4, 0.6]","['W1', np.float64(0.0825076803038934), [1.815792992786403]]","['Wp1', np.float64(-0.06971177859992472), [1.4619702027681092]]"
"['phi plus, phi minus', 'psi plus, psi minus']","(0.7853981633974483, np.float64(1.2568370614359172))","[0.4, 0.6]","['W1', np.float64(0.13823464462147864), [2.9522393176260184]]","['Wp1', np.float64(-0.091944003352879), [1.7474647547481346]]"
"['phi plus, phi minus', 'psi plus, psi minus']","(0.7853981633974483, np.float64(1.5707963267948966))","[0.4, 0.6]","['W3', np.float64(0.1999999999999999), [2.434017898370278]]","['Wp1', np.float64(-0.09999999999999999), [1.675258893529059]]"
"['psi plus, psi minus', 'phi plus, phi minus']","(0.7853981633974483, np.float64(0.6289185307179587))","[0.4, 0.6]","['W2', np.float64(0.038267164476545004), [2.626656355902563]]","['Wp1', np.float64(-0.039380685084600464), [1.8975620943418028]]"
"['psi plus, psi minus', 'phi plus, phi minus']","(0.7853981633974483, np.float64(0.942877796076938))","[0.4, 0.6]","['W2', np.float64(0.08250768030390052), [1.6456271462786847]]","['Wp1', np.float64(-0.06971177859991894), [1.4264164106474102]]"
"['psi plus, psi minus', 'phi plus, phi minus']","(0.7853981633974483, np.float64(1.2568370614359172))","[0.4, 0.6]","['W2', np.float64(0.1382346446214766), [2.3145558965025708]]","['Wp1', np.float64(-0.09194400335287892), [2.3962380341748384]]"
"['psi plus, psi minus', 'phi plus, phi minus']","(0.7853981633974483, np.float64(1.5707963267948966))","[0.4, 0.6]","['W2', np.float64(0.19999999999999996), [1.267560436923778]]","['Wp1', np.float64(-0.09999999999999999), [0.7514822488975582]]"
