,type,test_mean,test_sem,train_mean
0,r,0.979151273575734,5.208251954380571e-07,0.9999987847412107
1,c,0.9749047248687538,5.641605186454409e-07,0.9999985416894529
