,QP,DR,DL,AR,AL,RR,RL,LR,LL,phi
0,-24.0,1197+/-11,421+/-12,368+/-12,1198+/-19,144+/-8,1480+/-21,1399+/-8,179+/-4,0.561+/-0.009
1,-22.857142857142858,1049+/-14,592+/-9,478+/-6,1062+/-26,70+/-5,1514+/-19,1483+/-15,95+/-4,0.352+/-0.010
2,-21.714285714285715,851+/-19,743+/-16,628+/-7,897+/-19,34.6+/-1.2,1582+/-17,1493+/-16,49.4+/-3.0,0.126+/-0.010
3,-20.571428571428573,708+/-8,878+/-7,818+/-11,693+/-13,38.0+/-2.3,1578+/-11,1475+/-5,39.0+/-2.2,-0.099+/-0.007
4,-19.42857142857143,575+/-6,1042+/-14,970+/-12,578+/-11,76+/-5,1477+/-18,1487+/-10,71+/-6,-0.296+/-0.008
5,-18.285714285714285,433+/-9,1173+/-12,1095+/-13,453+/-8,139+/-7,1415+/-23,1433+/-16,111+/-7,-0.489+/-0.008
6,-17.142857142857142,334+/-10,1247+/-13,1219+/-11,328+/-9,221+/-5,1340+/-24,1352+/-26,184.4+/-1.5,-0.668+/-0.010
7,-16.0,225+/-6,1366+/-7,1289+/-12,224+/-6,307+/-13,1218+/-25,1267+/-22,279+/-7,-0.860+/-0.010
