,QP,DR,DL,AR,AL,RR,RL,LR,LL,phi
0,-26.0,1388+/-12,171+/-4,110.6+/-1.2,1382+/-12,409+/-13,1177+/-17,1086+/-14,453+/-8,1.058+/-0.009
1,-24.857142857142858,1300+/-7,268+/-6,200+/-5,1309+/-19,240+/-6,1318+/-25,1233+/-20,301+/-12,0.817+/-0.010
2,-23.714285714285715,1165+/-18,388+/-6,319+/-5,1196+/-28,132+/-4,1447+/-16,1363+/-28,182+/-5,0.585+/-0.011
3,-22.571428571428573,1009+/-11,532+/-11,466+/-7,1048+/-10,69.2+/-3.2,1483+/-14,1434+/-12,99+/-5,0.368+/-0.007
4,-21.42857142857143,866+/-10,687+/-11,608+/-7,896+/-7,36.4+/-2.2,1534+/-18,1458+/-23,50.8+/-3.4,0.159+/-0.006
5,-20.285714285714285,710+/-11,852+/-12,768+/-5,748+/-11,33.4+/-1.9,1514+/-10,1477+/-14,35+/-4,-0.055+/-0.007
6,-19.142857142857142,570+/-6,988+/-10,889+/-31,597+/-13,69.0+/-3.1,1455+/-17,1393+/-12,57+/-4,-0.255+/-0.012
7,-18.0,446.2+/-1.7,1115+/-12,1062+/-17,453+/-7,132+/-5,1417+/-14,1410+/-16,93+/-5,-0.456+/-0.008
