,meas,A,Aerr,c,cerr,d,derr,chi2red,e_val,e_sem,frac_1s,min_sem
0,HH,-2607.532047415498,4.14983366730054,32.568235745903394,0.00045295337430356376,2611.3376627603293,3.908548684544368,12.454583772635644,0.575486942533033,,0.3783783783783784,0.008320193074903415
1,VV,3182.539136434587,4.070468942028939,23.159931056466093,0.0006110427855182667,2.527819137244049,1.2282319885469488,11.757276847086153,1.3679607650375378,,0.32432432432432434,0.008320193074903415
