W,min_W_prime,eta_arr,chi
-0.433012701892218,-0.4999999375000149,0.2617993877991494,0.001
-0.4330127018922192,-0.4980927091274602,0.2617993877991494,0.17542181408832186
-0.4330127018922176,-0.49260289613141717,0.2617993877991494,0.3498436281766437
-0.43301270189221924,-0.48408563470731103,0.2617993877991494,0.5242654422649656
-0.43301270189221924,-0.4734366985097228,0.2617993877991494,0.6986872563532874
-0.43301270189221924,-0.46183995152476587,0.2617993877991494,0.8731090704416092
-0.4330127018922192,-0.4506738968230203,0.2617993877991494,1.0475308845299311
-0.43301270189220403,-0.4413640061349246,0.2617993877991494,1.221952698618253
-0.4330127018922192,-0.43518068797414033,0.2617993877991494,1.3963745127065748
-0.4330127018922192,-0.4330127018922193,0.2617993877991494,1.5707963267948966
