W,min_W_prime,eta_arr,chi
-0.24999999999999994,-0.4999998125000271,0.5235987755982988,0.001
-0.24999999999999994,-0.48167113094974556,0.5235987755982988,0.31495926535897933
-0.24999999999999994,-0.43024798492451066,0.5235987755982988,0.6289185307179587
-0.24999999999999986,-0.35666277744775143,0.5235987755982988,0.942877796076938
-0.24999999999999994,-0.2835182902364552,0.5235987755982988,1.2568370614359172
-0.2499999999999999,-0.25,0.5235987755982988,1.5707963267948966
