W,min_W_prime,eta_arr,chi
-0.24999999999999978,-0.4999998125000271,1.0471975511965976,0.001
-0.24999999999999978,-0.4816711309497455,1.0471975511965976,0.31495926535897933
-0.24999999999999983,-0.43024798492451066,1.0471975511965976,0.6289185307179587
-0.24999999999999978,-0.3566627774477513,1.0471975511965976,0.942877796076938
-0.24999999999999978,-0.2835182902364551,1.0471975511965976,1.2568370614359172
-0.24999999999999983,-0.2499999999999999,1.0471975511965976,1.5707963267948966
