W,min_W_prime,eta_arr,chi
1.25000010447024e-07,1.0262333551577883e-18,0.7853981633974483,0.001
0.012297750403011478,2.8622937353617317e-16,0.7853981633974483,0.31495926535897933
0.04783395559467327,-6.938893903907228e-18,0.7853981633974483,0.6289185307179587
0.103134600380263,0.0,0.7853981633974483,0.942877796076938
0.17279330577684587,6.938893903907228e-16,0.7853981633974483,1.2568370614359172
0.2499999999999999,-1.3877787807814457e-17,0.7853981633974483,1.5707963267948966
