W,min_W_prime,eta_arr,chi
0.033493612969513524,1.4752809569147346e-16,0.2617993877991494,0.001
0.03005816647546846,2.288967626551397e-15,0.2617993877991494,0.31495926535897933
0.021346938305286403,1.3183898417423734e-16,0.2617993877991494,0.6289185307179587
0.011027954357408921,1.8875526142103638e-14,0.2617993877991494,0.942877796076938
0.002998417835465908,1.734723475976807e-17,0.2617993877991494,1.2568370614359172
0.0,1.387778780781446e-17,0.2617993877991494,1.5707963267948966
