W,min_W_prime,eta_arr,chi
0.2497500000417631,3.0614417691730584e-18,0.7853981633974483,0.001
0.17255556484465154,5.204170427930421e-18,0.7853981633974483,0.31495926535897933
0.10293236083534214,1.0408340855860843e-16,0.7853981633974483,0.6289185307179587
0.04768698906297682,2.0816681711721685e-17,0.7853981633974483,0.942877796076938
0.012220424831878435,2.1094237467877974e-15,0.7853981633974483,1.2568370614359172
2.220446049250313e-16,-1.3877787807814457e-17,0.7853981633974483,1.5707963267948966
